{"path93": [[126.43895, 148.49121], [126.52425, 147.976], [126.72579, 145.64332], [126.71879, 141.48079], [126.45782, 138.5187], [126.29297, 137.3906], [127.46293, 137.58852], [128.30939, 137.82003], [130.16664, 138.59724], [131.15457, 139.22924], [132.01149, 140.04418], [132.60952, 141.05755], [132.82074, 142.28487], [132.58615, 144.59377], [132.2894, 145.50095], [131.83684, 146.27016], [131.20134, 146.92154], [130.35578, 147.47525], [127.92595, 148.37029], [126.43895, 148.49121]], "path79": [[92.879606, 79.701077], [83.2773187464, 77.9919797712], [73.6760445218, 76.2830628499], [64.0737820411, 74.5739700304], [54.471097, 72.864802], [54.436477, 81.603804], [60.784457, 82.697052], [67.132437, 83.7903], [72.9556325, 84.7870835], [78.778828, 85.783867], [83.735818, 86.688339], [87.863276, 87.520623], [89.556853, 87.9072], [90.972155, 88.272735], [92.08555, 88.616231], [92.873407, 88.936689], [92.792787, 87.299789], [92.778167, 85.14329], [92.879598, 79.701077], [92.879609, 79.701077]], "path77": [[104.8632, 59.865116], [106.45345, 59.397397], [105.23737, 52.942836], [100.56016, 48.826885], [95.882947, 52.942836], [94.666869, 59.397397], [96.257124, 59.865116], [100.56016, 59.678029], [104.8632, 59.865116]], "path89": [[96.101222, 133.77945], [88.9934809961, 134.983165369], [81.8857721787, 136.186875287], [74.777976, 137.3906], [75.030545, 138.64534], [75.221875, 139.88037], [75.358174, 141.08749], [75.445634, 142.258], [75.498864, 144.45528], [75.431164, 146.40504], [75.329786, 147.57158], [75.209472, 148.53824], [78.05736, 148.77027], [76.398547, 143.87237], [83.4160264345, 143.452587119], [90.4334740913, 143.032806139], [97.451008, 142.61302], [96.10122, 133.77945]], "path881-0-0": [[82.035818, 36.759512], [81.758869, 36.826292], [81.515534, 37.03135], [81.30369, 37.352308], [81.121218, 37.766785], [80.965996, 38.252403], [80.835904, 38.786781], [80.642623, 39.912295], [78.132833, 39.948975], [75.887097, 40.031965], [73.927173, 40.145489], [72.274814, 40.273762], [69.979813, 40.511427], [69.176137, 40.618705], [71.998348, 40.990932], [74.854905, 41.249609], [77.699167, 41.409488], [80.484492, 41.485318], [80.445212, 42.138508], [83.672407, 42.278552], [83.618147, 41.482736], [86.001041, 41.430216], [88.198375, 41.343586], [91.873428, 41.118694], [94.317433, 40.909423], [95.204518, 40.817143], [92.043847, 40.45799], [89.021215, 40.201315], [86.149975, 40.033962], [83.44348, 39.942772], [83.239109, 38.818699], [82.94626, 37.80051], [82.762022, 37.384068], [82.550105, 37.057634], [82.308653, 36.842386], [82.035814, 36.759506], [82.035814, 36.759506]], "path101": [[146.61989, 76.142133], [155.823453411, 75.1442624091], [165.026975145, 74.146396337], [174.23061, 73.148518], [174.20531, 75.282237], [169.21906, 76.882272], [162.66038, 78.482034], [154.98324, 80.062292], [146.64162, 81.603815], [146.61992, 76.142133]], "path83": [[97.451004, 142.61302], [90.4335245655, 143.032802881], [83.4160769087, 143.452583861], [76.398543, 143.87237], [78.057356, 148.77027], [84.921012267, 149.329236064], [91.7846374529, 149.888199597], [98.648347, 150.44717], [97.451004, 142.61302]], "path103": [[118.53745, 36.759533], [119.05774, 37.03137], [119.45206, 37.766805], [119.93065, 39.912313], [124.68617, 40.031989], [128.29846, 40.273786], [131.39713, 40.618729], [125.71837, 41.249633], [120.08878, 41.485343], [120.12808, 42.138533], [116.90088, 42.278577], [116.95518, 41.482761], [112.37496, 41.343616], [108.69991, 41.118723], [105.36882, 40.817167], [111.55212, 40.201338], [117.12986, 39.942801], [117.62708, 37.800539], [118.02323, 37.057663], [118.53752, 36.759533], [118.53745, 36.759533]], "path75": [[99.338517, 153.59585], [98.542702, 149.66637], [97.139171, 141.11082], [95.989889, 133.52885], [94.840607, 125.94688], [94.404456, 121.03348], [93.931098, 113.62722], [93.5259525, 106.624029], [93.120807, 99.620838], [92.934774, 94.023247], [92.922374, 86.887767], [93.0215915, 78.4376375], [93.120809, 69.987508], [93.3678, 64.969317], [93.936647, 59.064817], [94.7695715, 52.789662], [95.602496, 46.514507], [96.423018, 41.3431605], [97.24354, 36.171814], [97.984959, 31.871975], [98.295979, 30.314368], [98.679446, 29.190673], [99.100249, 28.43116], [99.523277, 27.966101], [100.23556, 27.640432], [100.53541, 27.655832], [100.83526, 27.640432], [101.54754, 27.966101], [101.97057, 28.43116], [102.39137, 29.190673], [102.77484, 30.314368], [103.08586, 31.871975], [103.82728, 36.171814], [104.6478, 41.34316], [105.46832, 46.514506], [106.301245, 52.789661], [107.13417, 59.064816], [107.70302, 64.969316], [107.95001, 69.987506], [108.04923, 78.4376355], [108.14845, 86.887765], [108.13605, 94.023246], [107.95002, 99.620836], [107.544875, 106.624028], [107.13973, 113.62722], [106.66637, 121.03348], [106.23022, 125.94688], [105.08094, 133.528845], [103.93166, 141.11081], [102.52812, 149.66636], [101.73231, 153.59584], [100.98504, 154.1075], [100.53542, 154.32151], [100.08581, 154.10751], [99.338529, 153.59585], [99.338529, 153.59585]], "path105": [[81.876178, 73.427042], [81.499974, 72.873071], [80.65248, 71.376522], [79.755379, 69.185443], [79.419999, 67.90697], [79.230348, 66.547882], [78.83967, 64.003333], [78.188545, 61.967281], [77.46301, 60.501737], [76.849098, 59.668712], [76.636449, 59.029733], [76.487362, 57.756684], [76.336465, 54.195144], [76.319925, 49.217672], [76.237245, 47.415198], [76.264115, 45.813229], [76.452215, 44.322882], [76.968982, 43.229409], [77.907427, 42.520408], [79.242747, 42.183477], [80.950135, 42.206207], [84.397795, 42.255307], [84.795358, 42.252407], [85.701569, 42.44242], [86.211129, 42.702956], [86.686707, 43.12354], [87.074587, 43.741444], [87.321055, 44.59394], [87.546146, 46.789308], [87.630926, 49.107454], [87.625126, 52.07749], [87.601726, 58.04094], [86.929376, 59.677965], [86.240217, 62.105731], [85.450206, 65.94543], [84.987775, 68.039498], [84.437934, 69.719055], [83.846627, 71.025805], [83.259801, 72.001449], [82.283373, 73.12623], [81.876216, 73.42702], [81.876226, 73.42706]], "path99": [[108.19849, 79.701088], [117.800777504, 77.9919907712], [127.402051978, 76.2830738499], [137.004314709, 74.5739810304], [146.607, 72.864813], [146.6416, 81.603815], [138.527492081, 82.9971678312], [130.413420906, 84.3905143527], [122.29925, 85.783878], [113.2148, 87.520634], [110.10592, 88.272744], [108.20467, 88.936697], [108.29997, 85.143302], [108.19869, 79.701088], [108.19851, 79.701088]],